Date,Price,Open,High,Low,Vol.,Change %
2/11/2019,44617,43772,44693,43618,1.78M,2.83%
2/12/2019,45001,44617,45308,44386,2.15M,0.86%
2/13/2019,45922,45001,45999,45001,2.37M,2.05%
2/14/2019,46229,45922,46306,45769,2.08M,0.67%
2/15/2019,45538,46076,46076,45461,1.59M,-1.49%
2/18/2019,46076,45692,46076,45692,1.31M,1.18%
2/19/2019,45308,46076,46229,45308,1.66M,-1.67%
2/20/2019,45385,45538,45769,45231,1.04M,0.17%
2/21/2019,46152,45692,46152,45385,2.61M,1.69%
2/22/2019,47612,46229,47919,46076,3.19M,3.16%
2/25/2019,48687,47995,49071,47842,2.65M,2.26%
2/26/2019,48379,48687,48763,47535,2.52M,-0.63%
2/27/2019,47535,48226,48379,47304,1.47M,-1.74%
2/28/2019,46460,47535,47995,46460,2.59M,-2.26%
3/1/2019,47765,46844,47765,46690,910.43K,2.81%
3/4/2019,48226,47765,48379,47765,1.72M,0.97%
3/5/2019,48379,48226,48994,47995,2.01M,0.32%
3/6/2019,48149,48456,48610,47535,1.38M,-0.48%
3/7/2019,48456,48149,48994,48072,2.42M,0.64%
3/8/2019,48226,47919,48379,47688,1.27M,-0.47%
3/11/2019,48072,47919,48149,47535,1.30M,-0.32%
3/12/2019,49762,48379,49762,48149,2.80M,3.52%
3/13/2019,50069,49915,50069,49531,2.14M,0.62%
3/14/2019,51451,50069,51451,49531,2.90M,2.76%
3/15/2019,50683,51605,51605,50683,3.34M,-1.49%
3/18/2019,51912,51067,52066,51067,2.47M,2.42%
3/19/2019,51298,51912,51912,51221,1.77M,-1.18%
3/20/2019,51221,51221,51605,50837,3.11M,-0.15%
3/21/2019,51144,51374,52142,51067,1.95M,-0.15%
3/22/2019,51374,51298,51451,51067,1.76M,0.45%
3/25/2019,50299,49915,50683,49147,2.09M,-2.09%
3/26/2019,50299,50760,51067,50299,1.44M,0.00%
3/27/2019,50299,50606,50606,49685,686.72K,0.00%
3/28/2019,51221,50453,51221,50222,947.39K,1.83%
3/29/2019,51682,51451,51835,51298,865.19K,0.90%
4/1/2019,52066,52142,52142,51912,872.86K,0.74%
4/2/2019,51835,52219,52603,51835,710.69K,-0.44%
4/3/2019,51605,51835,51912,51067,568.65K,-0.44%
4/4/2019,51989,51605,52142,51298,1.21M,0.74%
4/5/2019,52296,52066,52373,52066,609.33K,0.59%
4/8/2019,53525,52296,53525,52142,1.43M,2.35%
4/9/2019,53601,53525,53755,53294,968.71K,0.14%
4/10/2019,52910,53371,53371,52833,917.48K,-1.29%
4/11/2019,52603,52987,52987,51989,516.89K,-0.58%
4/12/2019,52219,52680,52680,51912,453.49K,-0.73%
4/16/2019,51758,52219,52219,50990,516.32K,-0.88%
4/17/2019,52219,52142,52373,51451,659.32K,0.89%
4/18/2019,52142,51835,52757,51835,707.95K,-0.15%
4/19/2019,52219,52142,52603,52142,296.73K,0.15%
4/22/2019,52142,51528,52296,51451,399.66K,-0.15%
4/23/2019,51835,52219,52219,50760,1.61M,-0.59%
4/24/2019,52603,51835,53141,51835,873.47K,1.48%
4/25/2019,51989,52603,52603,51989,444.94K,-1.17%
4/26/2019,52142,52066,52449,51835,353.78K,0.29%
5/2/2019,51374,51912,52142,50990,801.88K,-1.47%
5/3/2019,51221,51298,51605,50760,1.01M,-0.30%
5/6/2019,50914,50837,51298,50606,465.18K,-0.60%
5/7/2019,50376,50914,51451,49762,1.41M,-1.06%
5/8/2019,49992,49608,50376,49608,1.21M,-0.76%
5/9/2019,50299,50222,50683,49992,841.11K,0.61%
5/10/2019,50376,50299,50760,50069,707.38K,0.15%
5/13/2019,50606,50530,50760,50376,606.64K,0.46%
5/14/2019,51144,50222,51144,50222,801.94K,1.06%
5/15/2019,51298,51221,51758,51067,936.88K,0.30%
5/16/2019,51298,51298,51758,51298,525.98K,0.00%
5/17/2019,51298,51298,51451,51144,572.98K,0.00%
5/20/2019,52066,51298,52296,51221,774.61K,1.50%
5/21/2019,51989,52142,52526,51989,603.76K,-0.15%
5/22/2019,51605,51835,52680,51451,845.61K,-0.74%
5/23/2019,51912,51758,52219,51528,482.89K,0.59%
5/24/2019,51067,51682,52219,50760,1.19M,-1.63%
5/27/2019,51758,51451,52066,51067,435.52K,1.35%
5/28/2019,51758,51451,52680,51298,847.77K,0.00%
5/29/2019,51835,51912,52296,51605,400.04K,0.15%
5/30/2019,51989,51835,52296,51682,409.47K,0.30%
5/31/2019,51605,51835,52219,51298,908.63K,-0.74%
6/3/2019,51067,51067,51605,49147,757.51K,-1.04%
6/4/2019,51605,50683,51835,50606,494.81K,1.05%
6/5/2019,51221,51605,51835,51221,343.40K,-0.74%
6/6/2019,50606,51221,51221,49915,503.45K,-1.20%
6/7/2019,50376,51067,51451,50069,626.36K,-0.45%
6/10/2019,51221,51298,51835,50683,747.05K,1.68%
6/11/2019,51758,51067,51835,51067,357.41K,1.05%
6/12/2019,51451,51758,51835,51374,271.67K,-0.59%
6/13/2019,51682,51451,51835,50990,697.92K,0.45%
6/14/2019,53141,51835,53448,51682,3.16M,2.82%
6/17/2019,53141,53141,53985,52987,1.30M,0.00%
6/18/2019,53985,52987,54139,52373,1.22M,1.59%
6/19/2019,53601,54062,54293,53294,979.09K,-0.71%
6/20/2019,54907,53525,54907,53448,1.19M,2.44%
6/21/2019,54523,54907,55291,54523,2.28M,-0.70%
6/24/2019,56059,54907,56673,54523,1.80M,2.82%
6/25/2019,55598,55905,55905,55291,498.71K,-0.82%
6/26/2019,54139,55598,55675,54139,1.17M,-2.62%
6/27/2019,53371,54523,54523,53294,1.51M,-1.42%
6/28/2019,54139,53448,55291,52526,1.06M,1.44%
7/1/2019,54753,54523,55214,54446,721.76K,1.13%
7/2/2019,54139,54907,54907,53985,463.21K,-1.12%
7/3/2019,53448,54139,54523,53448,1.02M,-1.28%
7/4/2019,55675,53755,55675,53525,1.44M,4.17%
7/5/2019,55752,55675,55752,55291,543.09K,0.14%
7/8/2019,54753,55291,55521,54523,922.93K,-1.79%
7/9/2019,55214,54907,55214,54216,853.07K,0.84%
7/10/2019,55675,55675,55828,55214,815.57K,0.83%
7/11/2019,56827,55752,57287,55752,1.64M,2.07%
7/12/2019,56596,56827,57211,56519,1.18M,-0.41%
7/15/2019,57595,56596,57595,56596,1.39M,1.77%
7/16/2019,59284,57979,59898,57902,2.43M,2.93%
7/17/2019,58516,58746,59207,58209,1.02M,-1.30%
7/18/2019,58670,58286,59284,58055,1.10M,0.26%
7/19/2019,60666,58670,61281,58670,1.68M,3.40%
7/22/2019,60666,60666,61050,60436,1.19M,0.00%
7/23/2019,60590,60590,60897,60282,798.85K,-0.13%
7/24/2019,59054,61050,61050,58746,1.76M,-2.54%
7/25/2019,59668,59054,59745,58900,583.59K,1.04%
7/26/2019,60282,59668,61204,59514,1.20M,1.03%
7/29/2019,62202,60282,62202,60129,1.26M,3.19%
7/30/2019,61895,62970,63354,61895,1.45M,-0.49%
7/31/2019,61588,61434,61818,61127,654.36K,-0.50%
8/1/2019,61818,61588,61818,61204,687.57K,0.37%
8/2/2019,60743,61204,61818,60743,867.68K,-1.74%
8/5/2019,59438,60820,61204,59207,1.09M,-2.15%
8/6/2019,58593,58670,59054,58209,1.50M,-1.42%
8/7/2019,60206,58593,60206,58593,724.55K,2.75%
8/8/2019,60282,60282,61281,59975,781.59K,0.13%
8/9/2019,60282,60436,60973,60206,814.89K,0.00%
8/12/2019,59668,60282,60513,59284,606.10K,-1.02%
8/13/2019,58593,59284,59514,58286,1.03M,-1.80%
8/14/2019,58593,59898,59898,58593,452.66K,0.00%
8/15/2019,60666,57287,60666,57287,651.18K,3.54%
8/16/2019,59822,59745,60359,59745,703.31K,-1.39%
8/19/2019,58977,59822,60282,58900,883.94K,-1.41%
8/20/2019,59054,59745,59745,58900,579.00K,0.13%
8/21/2019,61434,59054,61665,58900,2.46M,4.03%
8/22/2019,61434,61588,61741,61127,972.43K,0.00%
8/23/2019,60820,61434,61588,60820,576.11K,-1.00%
8/26/2019,59745,60052,60359,59514,857.75K,-1.77%
8/27/2019,58746,60052,60513,58363,1.42M,-1.67%
8/28/2019,59130,58977,59361,58977,751.32K,0.65%
8/29/2019,58977,59054,59438,58746,538.78K,-0.26%
8/30/2019,59668,59130,59668,59130,357.45K,1.17%
9/3/2019,59745,59745,59822,58900,741.14K,0.13%
9/4/2019,59361,59514,59514,59054,673.43K,-0.64%
9/5/2019,59591,59284,60513,59284,521.76K,0.39%
9/6/2019,59361,59898,59898,59130,367.48K,-0.39%
9/9/2019,59284,59361,59438,59130,301.70K,-0.13%
9/10/2019,59668,59284,60820,59207,831.89K,0.65%
9/11/2019,60052,59361,60282,59361,180.49K,0.64%
9/12/2019,61050,60282,61050,60282,1.02M,1.66%
9/13/2019,62893,61281,62970,61281,1.80M,3.02%
9/16/2019,62202,62893,63508,62049,889.77K,-1.10%
9/17/2019,62279,61972,62433,61818,1.14M,0.12%
9/18/2019,61895,62279,63354,61818,1.03M,-0.62%
9/19/2019,62586,62202,62740,61818,672.75K,1.12%
9/20/2019,62202,62586,63584,62202,3.57M,-0.61%
9/23/2019,60666,62663,62893,60666,1.51M,-2.47%
9/24/2019,61895,61050,62049,60590,1.01M,2.03%
9/25/2019,61972,61434,62125,60973,930.64K,0.12%
9/26/2019,62202,61972,62433,61665,1.33M,0.37%
9/27/2019,63661,62433,63815,62049,1.77M,2.35%
9/30/2019,63047,63661,63968,62893,989.88K,-0.96%
10/1/2019,64045,63047,64199,62817,1.01M,1.58%
10/2/2019,62970,64045,64276,62740,1.56M,-1.68%
10/3/2019,62970,62817,62970,61895,1.28M,0.00%
10/4/2019,63738,62970,64122,62817,1.43M,1.22%
10/7/2019,63584,64506,64890,63584,1.45M,-0.24%
10/8/2019,65351,63584,65504,63584,1.87M,2.78%
10/9/2019,64890,65351,65811,64890,1.10M,-0.71%
10/10/2019,64967,65197,65427,64890,961.68K,0.12%
10/11/2019,65504,64890,65581,64813,931.95K,0.83%
10/14/2019,65274,65658,66042,65274,792.14K,-0.35%
10/15/2019,65427,65274,65581,65043,827.36K,0.23%
10/16/2019,66119,66195,66272,65811,853.31K,1.06%
10/17/2019,65427,66349,66349,65120,1.31M,-1.05%
10/18/2019,65274,65658,65888,65120,532.40K,-0.23%
10/21/2019,64660,65197,65197,64199,716.44K,-0.94%
10/22/2019,65581,64660,65888,64660,603.66K,1.42%
10/23/2019,65504,65658,65888,64967,686.64K,-0.12%
10/24/2019,66733,65504,66810,65351,842.39K,1.88%
10/25/2019,67578,66733,67962,66503,1.07M,1.27%
10/28/2019,67117,67578,67731,67117,489.79K,-0.68%
10/29/2019,66349,67117,67194,66272,896.54K,-1.14%
10/30/2019,67424,66119,67731,66119,775.44K,1.62%
10/31/2019,67347,67654,67962,67270,407.48K,-0.11%
11/1/2019,68192,67347,68653,67194,1.37M,1.25%
11/4/2019,70649,68576,71033,68576,1.39M,3.60%
11/5/2019,69728,70726,71033,69651,786.82K,-1.30%
11/6/2019,69881,69728,70880,69651,859.04K,0.22%
11/7/2019,70112,69881,70573,69881,460.44K,0.33%
11/8/2019,70265,70112,70573,69728,531.47K,0.22%
11/11/2019,70112,70496,70496,69881,540.76K,-0.22%
11/12/2019,70419,70189,70726,70112,760.27K,0.44%
11/13/2019,69497,70803,70803,69114,901.56K,-1.31%
11/14/2019,69805,69497,70189,69267,478.91K,0.44%
11/15/2019,68883,69114,69881,68653,721.28K,-1.32%
11/18/2019,67270,68730,69037,67194,893.90K,-2.34%
11/19/2019,69881,67578,69881,67578,671.89K,3.88%
11/20/2019,68730,69881,69881,68730,658.77K,-1.65%
11/21/2019,67194,68422,68883,67194,1.28M,-2.23%
11/22/2019,65658,67270,67962,65427,1.72M,-2.29%
11/25/2019,64890,65658,66042,63431,1.84M,-1.17%
11/26/2019,65043,64890,65888,64890,927.82K,0.24%
11/27/2019,66272,65658,66810,65504,618.04K,1.89%
11/28/2019,65504,66042,66272,65197,631.17K,-1.16%
11/29/2019,65504,65735,65888,65274,405.77K,0.00%
12/2/2019,64122,65504,65811,63738,559.91K,-2.11%
12/3/2019,62970,63738,64583,62970,810.73K,-1.80%
12/4/2019,65043,62893,65120,62586,480.71K,3.29%
12/5/2019,65120,65274,65811,64967,482.95K,0.12%
12/6/2019,65197,65120,65427,64813,327.17K,0.12%
12/9/2019,65427,65197,65811,64813,511.34K,0.35%
12/10/2019,65581,65504,65965,65274,653.68K,0.24%
12/11/2019,65965,66042,66042,65427,529.64K,0.59%
12/12/2019,67194,66119,67578,66042,593.02K,1.86%
12/13/2019,67885,67654,67962,67194,952.92K,1.03%
12/16/2019,66042,67885,67885,65274,849.24K,-2.71%
12/17/2019,65504,66349,66810,65504,339.74K,-0.81%
12/18/2019,66579,65581,66579,65504,1.08M,1.64%
12/19/2019,67578,66579,67731,66042,1.30M,1.50%
12/20/2019,67808,67578,67962,67424,496.82K,0.34%
12/23/2019,69805,68269,69881,68269,1.20M,2.95%
12/24/2019,69114,69728,69728,68269,647.70K,-0.99%
12/25/2019,69037,69114,69805,68346,294.60K,-0.11%
12/26/2019,68653,69497,69497,68346,515.64K,-0.56%
12/27/2019,69497,68576,69497,67808,636.56K,1.23%
12/30/2019,69881,69497,70803,69114,842.34K,0.55%
12/31/2019,69267,69574,69958,69190,294.46K,-0.88%
1/2/2020,69728,69267,70189,68883,492.91K,0.67%
1/3/2020,69037,70265,70496,69037,684.10K,-0.99%
1/6/2020,67194,68499,68730,67194,1.12M,-2.67%
1/7/2020,67424,66810,67501,65581,1.29M,0.34%
1/8/2020,66810,66733,67501,66195,921.63K,-0.91%
1/9/2020,68115,67347,68269,67347,922.13K,1.95%
1/10/2020,68730,68115,69421,67501,1.95M,0.90%
1/13/2020,68653,68346,68960,68346,1.33M,-0.11%
1/14/2020,68653,68730,69114,68422,1.28M,0.00%
1/15/2020,68576,68806,68806,68192,1.88M,-0.11%
1/16/2020,68730,68576,69344,68269,1.49M,0.22%
1/17/2020,72569,68730,72569,68730,2.83M,5.59%
1/20/2020,72185,72569,72800,71801,1.06M,-0.53%
1/21/2020,72185,72108,72646,71878,956.48K,0.00%
1/22/2020,71724,72185,72953,71494,1.12M,-0.64%
1/30/2020,68269,70726,70957,66810,4.52M,-4.82%
1/31/2020,68115,67578,68960,67347,1.62M,-0.23%
2/3/2020,68115,64583,69267,63738,1.86M,0.00%
2/4/2020,68960,68346,68960,67347,1.43M,1.24%
2/5/2020,68269,69267,69421,68192,933.15K,-1.00%
2/6/2020,68653,68346,69805,68192,1.14M,0.56%
2/7/2020,69114,68960,69728,68346,1.49M,0.67%
2/10/2020,68269,68499,68730,67962,774.61K,-1.22%
2/11/2020,68499,68346,68730,68269,663.79K,0.34%
2/12/2020,68653,68960,68960,68422,778.04K,0.22%
2/13/2020,68576,68499,68730,68192,808.05K,-0.11%
2/14/2020,68576,68346,68960,68346,552.25K,0.00%
2/17/2020,68653,68576,69037,68422,438.82K,0.11%
2/18/2020,68653,68806,68806,68346,552.35K,0.00%
2/19/2020,68730,68346,68730,68346,336.88K,0.11%
2/20/2020,68730,68883,69421,68499,690.47K,0.00%
2/21/2020,68346,68730,68730,68346,1.15M,-0.56%
2/24/2020,66963,66042,67578,66042,1.27M,-2.02%
2/25/2020,66195,66042,66810,65888,1.57M,-1.15%
2/26/2020,65274,66042,66042,64506,1.48M,-1.39%
2/27/2020,64506,64506,64967,63661,1.57M,-1.18%
2/28/2020,63277,61511,64045,61511,2.18M,-1.91%
3/2/2020,62817,62586,63124,62433,853.62K,-0.73%
3/3/2020,63124,64122,64122,63124,1.08M,0.49%
3/4/2020,62740,62970,62970,62202,742.03K,-0.61%
3/5/2020,63815,63124,64199,63124,1.06M,1.71%
3/6/2020,64890,63738,65811,62970,1.13M,1.68%
3/9/2020,60359,60666,62125,60359,1.54M,-6.98%
3/10/2020,61357,59898,61357,57902,1.83M,1.65%
3/11/2020,59130,61741,61741,57134,2.30M,-3.63%
3/12/2020,55060,55291,56059,55060,2.02M,-6.88%
3/13/2020,54523,51221,56059,51221,2.37M,-0.98%
3/16/2020,51528,54523,54523,51067,1.30M,-5.49%
3/17/2020,51835,48840,51835,48840,1.74M,0.60%
3/18/2020,53217,52219,54293,52219,1.40M,2.67%
3/19/2020,50683,51682,52757,50683,1.52M,-4.76%
3/20/2020,47228,50683,50914,47228,3.53M,-6.82%
3/23/2020,43925,44233,44924,43925,2.39M,-6.99%
3/24/2020,44540,43925,44847,43465,1.91M,1.40%
3/25/2020,47612,46076,47612,45845,2.34M,6.90%
3/26/2020,48533,47612,49685,47228,1.89M,1.93%
3/27/2020,49224,48610,50606,47995,2.00M,1.42%
3/30/2020,46844,46152,47151,45922,2.09M,-4.84%
3/31/2020,47612,47228,49224,46076,1.22M,1.64%
4/1/2020,49915,47228,50606,47228,1.57M,4.84%
4/3/2020,50299,49915,50914,49147,2.20M,0.77%
4/6/2020,52219,51835,52449,50683,2.69M,3.82%
4/7/2020,52373,52219,52987,51298,2.26M,0.29%
4/8/2020,51835,51451,52373,51298,2.27M,-1.03%
4/9/2020,54523,52219,55291,52219,2.29M,5.19%
4/10/2020,54216,54523,55214,53448,2.04M,-0.56%
4/13/2020,54369,54216,55137,53755,1.34M,0.28%
4/14/2020,53678,54139,54369,52066,2.48M,-1.27%
4/15/2020,54446,53525,54753,53525,1.30M,1.43%
4/16/2020,54676,53755,54676,53601,1.35M,0.42%
4/17/2020,54830,54907,55137,54446,1.88M,0.28%
4/20/2020,55214,55060,55598,54369,1.31M,0.70%
4/21/2020,54907,54523,54907,52066,2.76M,-0.56%
4/22/2020,53217,52987,54600,52987,2.06M,-3.08%
4/23/2020,53141,54523,54523,52833,1.53M,-0.14%
4/24/2020,52910,53141,53448,51835,1.24M,-0.43%
4/27/2020,51298,53678,53678,51298,3.25M,-3.05%
4/28/2020,51451,51298,52603,50069,2.62M,0.30%
4/29/2020,52219,51451,52296,51451,1.94M,1.49%
5/4/2020,51758,52219,52296,51298,1.09M,-0.88%
5/5/2020,51298,51682,51989,51298,1.29M,-0.89%
5/6/2020,51912,51682,51989,51067,1.09M,1.20%
5/7/2020,53525,52066,53525,51989,2.47M,3.11%
5/8/2020,56443,53755,56980,53601,4.93M,5.45%
5/11/2020,57211,56443,57211,55675,2.16M,1.36%
5/12/2020,58055,57287,58363,57134,2.81M,1.48%
5/13/2020,58055,58055,58746,55291,2.36M,0.00%
5/14/2020,58363,57595,58670,57518,2.71M,0.53%
5/15/2020,58363,58670,58746,58055,2.04M,0.00%
5/18/2020,60282,58593,60666,58209,1.28M,3.29%
5/19/2020,60666,61357,61511,60513,1.44M,0.64%
5/20/2020,61127,60206,61204,60206,906.22K,0.76%
5/21/2020,62356,61434,62356,61127,1.82M,2.01%
5/22/2020,62202,62356,62433,61434,1.03M,-0.25%
5/25/2020,62279,62125,62433,62049,904.31K,0.12%
5/26/2020,63354,62202,63431,62202,945.43K,1.73%
5/27/2020,63661,63738,64813,63661,1.04M,0.48%
5/28/2020,64890,63738,65351,63738,2.36M,1.93%
5/29/2020,65427,65274,66042,64890,1.48M,0.83%
6/1/2020,66426,65658,66579,65658,925.50K,1.53%
6/2/2020,66503,66733,66733,66272,1.29M,0.12%
6/3/2020,67501,66810,67501,66733,590.47K,1.50%
6/4/2020,68346,67578,68346,67578,574.51K,1.25%
6/5/2020,68346,68422,68576,66810,1.03M,0.00%
6/8/2020,68653,68346,69267,67885,1.02M,0.45%
6/9/2020,68730,69037,69114,68653,532.97K,0.11%
6/10/2020,68806,68730,68960,68576,1.01M,0.11%
6/11/2020,67578,68730,68806,66810,1.49M,-1.78%
6/12/2020,65735,63354,66426,63354,2.06M,-2.73%
6/15/2020,62970,65735,65888,62817,1.55M,-4.21%
6/16/2020,64276,64506,64506,63277,1.02M,2.07%
6/17/2020,64660,65274,65427,64352,941.47K,0.60%
6/18/2020,65274,64506,66426,64429,2.31M,0.95%
6/19/2020,65581,65274,66042,65274,923.79K,0.47%
6/22/2020,65658,65274,65735,65274,1.67M,0.12%
6/23/2020,66042,65658,66810,65504,1.17M,0.58%
6/24/2020,65043,66042,66042,64583,906.16K,-1.51%
6/25/2020,64276,63508,64813,63508,646.49K,-1.18%
6/26/2020,63968,64583,65043,63738,454.17K,-0.48%
6/29/2020,62586,63968,63968,62279,758.12K,-2.16%
6/30/2020,61665,63354,63354,61434,905.95K,-1.47%
7/1/2020,63508,61665,63508,61434,516.07K,2.99%
7/2/2020,63431,63892,63892,62202,598.50K,-0.12%
7/3/2020,63738,63354,63968,63124,472.55K,0.48%
7/6/2020,63661,63738,64045,63277,1.56M,-0.12%
7/7/2020,64045,64506,64660,63968,1.71M,0.60%
7/8/2020,63738,63892,64045,63584,619.10K,-0.48%
7/9/2020,64199,64429,64429,63968,1.23M,0.72%
7/10/2020,63508,64045,64199,63047,1.17M,-1.08%
7/13/2020,63661,64045,64122,63277,474.20K,0.24%
7/14/2020,63738,63661,63738,63124,544.99K,0.12%
7/15/2020,64122,63892,64352,63892,1.53M,0.60%
7/16/2020,64122,64352,64429,63661,1.39M,0.00%
7/17/2020,63584,64199,64199,63584,801.33K,-0.84%
7/20/2020,63124,63354,63508,62740,889.16K,-0.72%
7/21/2020,63354,63354,63584,62740,869.90K,0.36%
7/22/2020,63354,63354,63354,63124,797.91K,0.00%
7/23/2020,63354,63354,63584,63047,1.72M,0.00%
7/24/2020,62202,63047,63200,60282,1.71M,-1.82%
7/27/2020,59130,58363,61434,58363,1.63M,-4.94%
7/28/2020,60282,59130,60513,58746,1.16M,1.95%
7/29/2020,59514,58363,59898,57671,1.06M,-1.27%
7/30/2020,59438,59591,60282,59361,1.20M,-0.13%
7/31/2020,58670,58363,59438,58363,858.67K,-1.29%
8/3/2020,60513,58363,60513,58363,539.52K,3.14%
8/4/2020,62893,61434,62893,60973,787.09K,3.93%
8/5/2020,63508,62893,63738,61741,993.80K,0.98%
8/6/2020,63584,63431,63815,62893,1.02M,0.12%
8/7/2020,63661,63738,63738,63277,661.81K,0.12%
8/10/2020,62893,63738,63892,62893,735.70K,-1.21%
8/11/2020,63047,63354,63431,62817,399.29K,0.24%
8/12/2020,63047,63047,63200,62893,396.11K,0.00%
8/13/2020,63738,63661,63738,62970,491.67K,1.10%
8/14/2020,62970,63738,63815,62893,1.05M,-1.20%
8/17/2020,63200,62970,63661,62740,496.98K,0.37%
8/18/2020,63200,63200,63431,62740,423.24K,0.00%
8/19/2020,63738,63200,63738,62970,748.74K,0.85%
8/20/2020,63738,63738,64890,63738,1.40M,0.00%
8/21/2020,63661,63738,63892,63431,1.64M,-0.12%
8/24/2020,64429,63738,64967,63738,1.95M,1.21%
8/25/2020,64429,64429,65197,64429,2.23M,0.00%
8/26/2020,64122,64429,64429,64045,2.02M,-0.48%
8/27/2020,64122,64122,64429,63892,1.28M,0.00%
8/28/2020,64045,64199,64429,63968,2.10M,-0.12%
8/31/2020,63738,64506,64890,63584,1.24M,-0.48%
9/1/2020,63738,63738,63968,63661,2.07M,0.00%
9/3/2020,66195,64276,66426,64276,3.19M,3.85%
9/4/2020,65197,65274,66119,65120,3.09M,-1.51%
9/7/2020,64199,65043,65351,64199,1.51M,-1.53%
9/8/2020,63354,64199,64429,63200,2.53M,-1.32%
9/9/2020,63124,62970,63892,62586,1.88M,-0.36%
9/10/2020,63047,63738,63968,63047,880.06K,-0.12%
9/11/2020,63200,63047,63431,62817,849.42K,0.24%
9/14/2020,63738,63584,63815,63508,758.81K,0.85%
9/15/2020,63354,63738,64122,63354,1.27M,-0.60%
9/16/2020,63661,63431,63815,62970,801.37K,0.48%
9/17/2020,63354,63354,63738,62970,1.33M,-0.48%
9/18/2020,63661,63277,63738,63277,1.52M,0.48%
9/21/2020,63738,63815,64199,63738,2.13M,0.12%
9/22/2020,64506,63738,64813,63584,2.23M,1.20%
9/23/2020,65581,64660,65658,64660,1.78M,1.67%
9/24/2020,66119,64583,66195,64583,2.08M,0.82%
9/25/2020,66042,66119,66195,65658,1.41M,-0.12%
9/28/2020,66042,65888,66195,65581,1.60M,0.00%
9/29/2020,64967,66042,66119,64352,2.05M,-1.63%
9/30/2020,64583,65274,65274,64352,745.76K,-0.59%
10/1/2020,65120,65351,65351,64660,468.33K,0.83%
10/2/2020,64506,65120,65274,61434,1.14M,-0.94%
10/5/2020,64122,64890,65274,64045,1.04M,-0.60%
10/6/2020,64429,64352,64813,63892,1.41M,0.48%
10/7/2020,65274,64199,65427,63815,1.26M,1.31%
10/8/2020,65120,65658,65658,64352,700.70K,-0.24%
10/9/2020,65120,64890,65274,64890,467.27K,0.00%
10/12/2020,65965,66042,66810,65120,2.01M,1.30%
10/13/2020,66426,66042,66733,65658,1.04M,0.70%
10/14/2020,67731,66656,68346,66579,1.54M,1.96%
10/15/2020,68038,67731,68038,66656,1.82M,0.45%
10/16/2020,67731,67962,68038,67194,853.45K,-0.45%
10/19/2020,67194,67578,67808,67194,1.34M,-0.79%
10/20/2020,67347,66810,67424,66733,1.37M,0.23%
10/21/2020,66195,67424,68038,65965,1.85M,-1.71%
10/22/2020,66503,66119,66503,65351,1.69M,0.47%
10/23/2020,67194,66733,67194,66579,839.39K,1.04%
10/26/2020,66042,67194,67424,66042,1.16M,-1.71%
10/27/2020,66042,66042,67040,65658,1.49M,0.00%
10/28/2020,64660,66042,66426,64122,1.11M,-2.09%
10/29/2020,64199,64813,65120,64122,975.78K,-0.71%
10/30/2020,63738,64199,64813,63584,1.39M,-0.72%
11/2/2020,65888,63738,65888,63738,467.40K,3.37%
11/3/2020,65274,65888,65965,65043,393.71K,-0.93%
11/4/2020,65274,65274,65658,64736,503.59K,0.00%
11/5/2020,65274,65658,65658,65120,648.16K,0.00%
11/6/2020,65274,65351,65351,64506,412.35K,0.00%
11/9/2020,65658,65274,65888,65120,1.28M,0.59%
11/10/2020,65351,66119,67040,65351,1.93M,-0.47%
11/11/2020,65197,65658,66503,65197,1.32M,-0.24%
11/12/2020,66349,65811,66426,65735,517.23K,1.77%
11/13/2020,66733,66503,66733,66195,533.16K,0.58%
11/16/2020,65888,66963,67424,65274,1.60M,-1.27%
11/17/2020,67270,65888,67270,65658,699.57K,2.10%
11/18/2020,67270,67270,67347,66810,1.16M,0.00%
11/19/2020,69267,67347,69267,67117,3.30M,2.97%
11/20/2020,71033,69881,71033,69190,1.57M,2.55%
11/23/2020,70342,70726,70957,69881,827.91K,-0.97%
11/24/2020,70957,70649,70957,69728,1.27M,0.87%
11/25/2020,71801,71033,72339,70880,1.39M,1.19%
11/26/2020,72185,71801,72185,71110,891.09K,0.53%
11/27/2020,72569,72185,72569,71571,1.54M,0.53%
11/30/2020,71417,71955,72185,70265,1.85M,-1.59%
12/1/2020,70649,69651,71571,69651,1.48M,-1.08%
12/2/2020,71801,70649,71801,70265,952.80K,1.63%
12/3/2020,71801,71801,72108,70957,940.11K,0.00%
12/4/2020,69958,71571,71801,69958,1.10M,-2.57%
12/7/2020,71494,70189,71648,70189,1.21M,2.20%
12/8/2020,71494,71417,72108,70265,896.80K,0.00%
12/9/2020,74105,71878,74105,71571,1.53M,3.65%
12/10/2020,74643,74105,75027,74028,1.66M,0.73%
12/11/2020,74643,74643,74719,73644,990.42K,0.00%
12/14/2020,76716,74643,76716,73644,1.19M,2.78%
12/15/2020,75103,76025,76639,74105,1.83M,-2.10%
12/16/2020,76716,75641,76716,75103,945.13K,2.15%
12/17/2020,73721,75718,75718,72953,2.94M,-3.90%
12/18/2020,75948,73721,75948,73721,1.34M,3.02%
12/21/2020,76567,76567,76645,75329,889.41K,0.82%
12/22/2020,75793,75871,75948,75484,955.52K,-1.01%
12/23/2020,75484,75484,76258,75019,850.31K,-0.41%
12/24/2020,75329,75793,75793,74322,1.04M,-0.21%
12/25/2020,75561,75096,75561,74864,401.89K,0.31%
12/28/2020,75871,75871,76025,75329,1.07M,0.41%
12/29/2020,76800,75871,77264,75716,888.75K,1.22%
12/30/2020,75793,76800,77109,75484,650.13K,-1.31%
12/31/2020,75793,75793,76645,75096,468.47K,0.00%
1/4/2021,76645,75871,77264,75329,1.09M,1.12%
1/5/2021,76877,76645,77884,76645,943.22K,0.30%
1/6/2021,81290,77032,82219,76877,2.65M,5.74%
1/7/2021,82838,80516,84000,80516,1.13M,1.90%
1/8/2021,81135,83613,83613,80903,1.23M,-2.06%
1/11/2021,80903,80980,81832,80593,1.08M,-0.29%
1/12/2021,81755,81755,81755,80671,810.13K,1.05%
1/13/2021,81135,81755,82142,80516,1.36M,-0.76%
1/14/2021,80438,81290,81445,79974,1.06M,-0.86%
1/15/2021,79896,81135,81213,79355,1.40M,-0.67%
1/18/2021,79974,80129,81290,79742,1.35M,0.10%
1/19/2021,76645,79819,79974,74400,1.44M,-4.16%
1/20/2021,76722,76645,81987,75871,2.67M,0.10%
1/21/2021,79742,76722,79742,75871,1.64M,3.94%
1/22/2021,79742,79742,80516,78967,1.62M,0.00%
1/25/2021,79355,78271,79742,78271,926.25K,-0.49%
1/26/2021,78116,79355,79355,76645,1.24M,-1.56%
1/27/2021,75406,76722,77419,72696,2.00M,-3.47%
1/28/2021,70142,71226,72232,70142,1.54M,-6.98%
1/29/2021,72000,66193,75019,66193,1.73M,2.65%
2/1/2021,70529,74322,74322,70451,1.67M,-2.04%
2/2/2021,74709,71226,74864,71226,1.36M,5.93%
2/3/2021,76567,75793,76645,74787,1.86M,2.49%
2/4/2021,76567,76567,76645,72696,1.23M,0.00%
2/5/2021,77419,76567,77419,75793,1.15M,1.11%
2/8/2021,72851,76645,77264,72077,3.70M,-5.90%
2/9/2021,75251,75096,75406,72077,3.80M,3.29%
2/17/2021,77419,75484,77419,75484,1.35M,2.88%
2/18/2021,78967,76645,78967,75871,2.16M,2.00%
2/19/2021,78425,76800,78735,76722,2.36M,-0.69%
2/22/2021,77884,77806,78967,77651,1.77M,-0.69%
2/23/2021,77419,77419,78193,76800,1.84M,-0.60%
2/24/2021,75948,77806,78193,74709,1.61M,-1.90%
2/25/2021,76025,76645,77032,75561,1.14M,0.10%
2/26/2021,76025,75329,76645,75096,1.37M,0.00%
3/1/2021,76800,76025,76877,76025,1.16M,1.02%
3/2/2021,76877,77419,78813,75871,1.52M,0.10%
3/3/2021,76180,76103,76955,76025,1.17M,-0.91%
3/4/2021,75329,76335,77032,72077,1.43M,-1.12%
3/5/2021,74632,75174,75251,73548,2.12M,-0.93%
3/8/2021,73703,75096,75096,73548,1.92M,-1.24%
3/9/2021,73548,73548,73548,72077,1.72M,-0.21%
3/10/2021,73935,73548,74167,72774,1.36M,0.53%
3/11/2021,74555,74167,74942,74167,1.29M,0.84%
3/12/2021,74167,74555,74709,73161,1.61M,-0.52%
3/15/2021,74555,74322,75096,73935,1.84M,0.52%
3/16/2021,74090,74322,74322,73626,836.80K,-0.62%
3/17/2021,74013,73935,74167,73548,1.58M,-0.10%
3/18/2021,75484,74477,75484,73935,2.05M,1.99%
3/19/2021,72929,75174,75174,72929,2.04M,-3.38%
3/22/2021,75096,74322,75484,73858,2.43M,2.97%
3/23/2021,74167,75019,75019,73858,1.20M,-1.24%
3/24/2021,73316,73548,74245,72851,1.82M,-1.15%
3/25/2021,73626,73316,74322,73161,1.48M,0.42%
3/26/2021,73471,73548,73935,72542,1.53M,-0.21%
3/29/2021,73780,73703,74167,72387,1.53M,0.42%
3/30/2021,73393,73780,73780,72851,2.23M,-0.52%
3/31/2021,73393,73161,73626,72851,1.21M,0.00%
4/1/2021,75019,73703,75638,73703,3.44M,2.22%
4/2/2021,75716,75484,76258,75019,2.91M,0.93%
4/5/2021,78967,77419,79587,76335,4.58M,4.29%
4/6/2021,78890,78967,79355,77806,2.86M,-0.10%
4/7/2021,78890,78193,78967,77729,1.51M,0.00%
4/8/2021,77419,78890,78890,77032,2.01M,-1.86%
4/9/2021,75484,77032,77032,75484,2.68M,-2.50%
4/12/2021,76567,76258,76800,75406,3.41M,1.43%
4/13/2021,75484,77419,77419,75484,2.13M,-1.41%
4/14/2021,76413,75329,76413,75019,1.71M,1.23%
4/15/2021,75484,77264,77264,74942,2.75M,-1.22%
4/16/2021,74555,75329,76258,74322,1.93M,-1.23%
4/19/2021,76258,75096,76258,74167,1.77M,2.28%
4/20/2021,79742,76722,81290,76258,8.01M,4.57%
4/22/2021,79742,79742,81755,79122,3.80M,0.00%
4/23/2021,80516,79742,80516,77806,2.92M,0.97%
4/26/2021,76335,80516,80516,75793,4.59M,-5.19%
4/27/2021,76645,76335,77109,75638,1.52M,0.41%
4/28/2021,76645,76645,76877,75638,1.82M,0.00%
4/29/2021,77419,76645,77419,75871,2.06M,1.01%
5/4/2021,76722,76645,77109,75871,1.91M,-0.90%
5/5/2021,78348,76722,78967,76722,2.33M,2.12%
5/6/2021,76877,78348,78735,76645,1.48M,-1.88%
5/7/2021,75096,76567,76645,74864,2.92M,-2.32%
5/10/2021,75948,74864,76025,74245,2.14M,1.13%
5/11/2021,75793,76025,76877,75484,1.49M,-0.20%
5/12/2021,75329,75793,75793,75096,1.55M,-0.61%
5/13/2021,74942,75251,75716,74942,2.17M,-0.51%
5/14/2021,75019,75406,76103,74787,1.79M,0.10%
5/17/2021,74322,75174,75329,74167,2.19M,-0.93%
5/18/2021,73238,73780,74322,73161,2.68M,-1.46%
5/19/2021,72851,73238,73238,72619,2.14M,-0.53%
5/20/2021,76645,72851,76645,72851,2.43M,5.21%
5/21/2021,74942,74555,75871,74322,1.86M,-2.22%
5/24/2021,75406,75484,76258,74709,2.32M,0.62%
5/25/2021,77264,75406,77419,75406,4.87M,2.46%
5/26/2021,77729,77342,78813,77187,3.01M,0.60%
5/27/2021,76413,77729,77729,75871,1.86M,-1.69%
5/28/2021,77109,76645,78271,75561,2.80M,0.91%
5/31/2021,76335,78193,78193,76103,3.34M,-1.00%
6/1/2021,80284,76955,80671,76413,5.78M,5.17%
6/2/2021,82064,80516,83225,80284,5.45M,2.22%
6/3/2021,82606,82142,83613,82064,3.58M,0.66%
6/4/2021,81213,82451,82451,80593,3.07M,-1.69%
6/7/2021,79742,80748,81213,78348,3.79M,-1.81%
6/8/2021,77419,79742,80516,77419,3.00M,-2.91%
6/9/2021,78967,77419,78967,76800,3.05M,2.00%
6/10/2021,78813,78967,79664,77419,2.89M,-0.20%
6/11/2021,79587,78271,80129,77806,2.61M,0.98%
6/14/2021,78967,79045,80051,78425,1.86M,-0.78%
6/15/2021,79587,79045,79742,78193,1.81M,0.79%
6/16/2021,80516,79355,82064,79355,3.70M,1.17%
6/17/2021,80671,80516,81290,78967,1.99M,0.19%
6/18/2021,84000,80903,84387,80748,4.13M,4.13%
6/21/2021,82529,83613,83767,82064,2.69M,-1.75%
6/22/2021,83303,82916,84000,82451,1.89M,0.94%
6/23/2021,84929,83613,85935,82838,2.87M,1.95%
6/24/2021,85703,85161,85780,83458,1.46M,0.91%
6/25/2021,87174,85703,87329,84309,2.15M,1.72%
6/28/2021,87174,87174,87484,86013,1.95M,0.00%
6/29/2021,88258,86709,88258,86322,2.36M,1.24%
6/30/2021,90116,88258,90735,88258,3.53M,2.11%
7/1/2021,90116,90348,90425,89032,2.34M,0.00%
7/2/2021,88954,90116,90271,88258,2.20M,-1.29%
7/5/2021,87948,88180,88180,85858,2.61M,-1.13%
7/6/2021,86709,87096,89032,86709,2.13M,-1.41%
7/7/2021,87793,86709,87793,82064,3.42M,1.25%
7/8/2021,85935,86090,87484,84387,1.77M,-2.12%
7/9/2021,85006,85161,86013,82684,3.75M,-1.08%
7/12/2021,82916,84774,84774,79819,3.17M,-2.46%
7/13/2021,80051,82761,82761,79045,2.38M,-3.46%
7/14/2021,78813,80051,80129,77419,2.87M,-1.55%
7/15/2021,79355,77574,80903,77574,2.96M,0.69%
7/16/2021,79355,79355,80051,78193,1.87M,0.00%
7/19/2021,75096,77419,77574,74245,3.24M,-5.37%
7/20/2021,77574,75716,78193,72387,3.04M,3.30%
7/21/2021,76645,77032,77806,76103,1.87M,-1.20%
7/22/2021,77651,76567,77961,75871,1.86M,1.31%
7/23/2021,75096,76877,77264,75096,2.17M,-3.29%
7/26/2021,74322,74709,75484,74090,1.61M,-1.03%
7/27/2021,73548,75484,75561,73548,3.39M,-1.04%
7/28/2021,75096,73626,75096,73626,1.90M,2.10%
7/29/2021,75793,75406,75793,75096,1.52M,0.93%
7/30/2021,75871,75329,76490,75251,1.73M,0.10%
8/2/2021,75096,75096,76413,74632,1.64M,-1.02%
8/3/2021,76490,75174,76490,75096,1.62M,1.86%
8/4/2021,76258,76800,76877,75948,1.48M,-0.30%
8/5/2021,76955,75871,77032,75793,1.44M,0.91%
8/6/2021,75948,77264,77264,75948,1.42M,-1.31%
8/9/2021,76103,75948,76567,75638,1.57M,0.20%
8/10/2021,76645,76645,76800,76258,1.99M,0.71%
8/11/2021,77806,76877,78735,76722,2.18M,1.51%
8/12/2021,77342,77806,78038,77032,1.26M,-0.60%
8/13/2021,77109,77342,77342,76103,1.70M,-0.30%
8/16/2021,77884,77109,77884,76645,2.54M,1.01%
8/17/2021,78193,79355,79742,78193,2.15M,0.40%
8/18/2021,78193,78193,79355,77187,2.36M,0.00%
8/19/2021,79587,77961,79742,77264,3.29M,1.78%
8/20/2021,77496,78348,78890,76955,2.29M,-2.63%
8/23/2021,75329,76645,77419,74787,2.73M,-2.80%
8/24/2021,75096,76800,76800,74709,1.36M,-0.31%
8/25/2021,75484,75096,76645,74942,1.36M,0.52%
8/26/2021,74942,75716,76645,74942,1.37M,-0.72%
8/27/2021,75716,74322,76258,74322,1.41M,1.03%
8/30/2021,76877,76180,76955,75716,1.56M,1.53%
8/31/2021,76955,77032,77342,76103,953.81K,0.10%
9/1/2021,76955,76955,77342,74322,1.16M,0.00%
9/6/2021,77419,76955,77496,76955,1.15M,0.60%
9/7/2021,77419,77342,78038,77264,1.33M,0.00%
9/8/2021,77187,77419,77496,74942,1.10M,-0.30%
9/9/2021,76877,77187,77496,76335,1.04M,-0.40%
9/10/2021,76800,77264,77264,76335,1.09M,-0.10%
9/13/2021,75948,76490,76645,75948,1.33M,-1.11%
9/14/2021,76103,75948,76258,75096,1.57M,0.20%
9/15/2021,75174,76103,76103,75174,1.02M,-1.22%
9/16/2021,75948,76567,76567,75484,727.83K,1.03%
9/17/2021,75251,75484,76180,75251,1.28M,-0.92%
9/20/2021,77109,75329,78193,75329,1.63M,2.47%
9/21/2021,75871,77032,77264,75871,1.10M,-1.61%
9/22/2021,77032,76180,77032,75871,462.93K,1.53%
9/23/2021,77032,77109,77729,76258,862.58K,0.00%
9/24/2021,77032,77032,77264,76877,580.20K,0.00%
9/27/2021,75871,77032,77187,75871,593.98K,-1.51%
9/28/2021,76800,75716,76877,75484,618.22K,1.22%
9/29/2021,76258,77032,77032,75484,720.94K,-0.71%
9/30/2021,75251,76258,76335,75174,1.53M,-1.32%
10/1/2021,74245,75329,76025,74167,2.06M,-1.34%
10/4/2021,73238,74322,74709,73084,1.17M,-1.36%
10/5/2021,74013,73626,74400,73626,1.24M,1.06%
10/6/2021,74013,74013,74013,73393,881.97K,0.00%
10/7/2021,74942,74013,74942,73548,1.02M,1.26%
10/8/2021,75096,74787,75096,74013,889.37K,0.21%
10/11/2021,75484,75096,76180,74942,1.40M,0.52%
10/12/2021,75096,76103,76103,75096,971.16K,-0.51%
10/13/2021,75096,75793,75871,75096,1.82M,0.00%
10/14/2021,74864,75096,75251,74245,2.28M,-0.31%
10/15/2021,74709,74942,75329,74709,933.39K,-0.21%
10/18/2021,74322,74555,75096,73548,1.59M,-0.52%
10/19/2021,74632,74400,74709,73703,1.07M,0.42%
10/20/2021,73548,74632,74864,72774,1.99M,-1.45%
10/21/2021,72774,73858,74322,72774,1.56M,-1.05%
10/22/2021,73006,73548,73548,72774,306.24K,0.32%
10/25/2021,72851,74245,74245,72851,1.02M,-0.21%
10/26/2021,72774,72851,73238,72464,806.43K,-0.11%
10/27/2021,74400,73238,74709,73006,1.82M,2.23%
10/28/2021,75793,74787,75793,74400,2.26M,1.87%
10/29/2021,75871,75329,76180,75019,1.61M,0.10%
11/1/2021,75096,75948,76025,75096,1.35M,-1.02%
11/2/2021,75793,75406,75871,75329,1.03M,0.93%
11/3/2021,76413,75638,76490,75329,2.34M,0.82%
11/4/2021,76180,76413,76490,75251,1.26M,-0.30%
11/5/2021,75484,75484,76645,75096,1.44M,-0.91%
11/8/2021,76025,75948,76180,75484,1.51M,0.72%
11/9/2021,75174,75871,76335,75096,1.76M,-1.12%
11/10/2021,75561,75174,76025,74942,1.09M,0.51%
11/11/2021,76103,75716,76877,75096,1.42M,0.72%
11/12/2021,76025,76103,76103,75484,784.49K,-0.10%
11/15/2021,75638,76103,76645,75251,978.31K,-0.51%
11/16/2021,75251,75638,76258,75096,901.24K,-0.51%
11/17/2021,75871,75251,75948,75251,1.01M,0.82%
11/18/2021,75096,76103,76103,75096,905.58K,-1.02%
11/19/2021,75174,75251,75793,75174,526.99K,0.10%
11/22/2021,76490,75329,76567,75174,1.30M,1.75%
11/23/2021,76722,76645,76722,76025,700.78K,0.30%
11/24/2021,81135,76800,81755,76800,2.40M,5.75%
11/25/2021,82916,81290,83613,80980,1.88M,2.20%
11/26/2021,81290,82606,83767,80516,1.12M,-1.96%
11/29/2021,78271,79974,81213,78193,1.09M,-3.71%
11/30/2021,76567,80516,80516,76567,1.71M,-2.18%
12/1/2021,76645,76955,78580,76103,703.71K,0.10%
12/2/2021,76722,77651,78038,76490,1.01M,0.10%
12/3/2021,75871,76800,78038,75484,1.02M,-1.11%
12/6/2021,73858,75871,77419,73858,1.29M,-2.65%
12/7/2021,76025,74400,76955,74400,1.05M,2.93%
12/8/2021,76413,75871,76955,75871,647.57K,0.51%
12/9/2021,76800,75406,76955,75329,1.03M,0.51%
12/10/2021,77419,78193,79587,77342,2.40M,0.81%
12/13/2021,77109,78967,78967,76800,1.32M,-0.40%
12/14/2021,76877,77109,77806,76722,1.10M,-0.30%
12/15/2021,77342,77032,77961,76645,934.42K,0.60%
12/16/2021,76722,78038,78038,75948,1.34M,-0.80%
12/17/2021,74709,77419,77419,74709,4.43M,-2.62%
12/20/2021,77032,76258,77032,75948,940.28K,3.11%
12/21/2021,76567,76645,77264,76258,987.75K,-0.60%
12/22/2021,76900,77000,77800,76600,1.92M,0.43%
12/23/2021,76500,77500,78900,76500,1.49M,-0.52%
12/24/2021,78500,76800,78500,76800,849.40K,2.61%
12/27/2021,79800,78900,80300,77900,934.10K,1.66%
12/28/2021,80000,80000,81000,78000,1.17M,0.25%
12/29/2021,79500,79500,79800,79100,440.00K,-0.63%
12/30/2021,78400,79800,79900,77700,920.30K,-1.38%
12/31/2021,78800,79000,79200,78400,422.00K,0.51%
1/4/2022,79000,79000,79400,78000,1.13M,0.25%
1/5/2022,78000,79000,80400,78000,1.60M,-1.27%
1/6/2022,79100,78600,79900,77900,1.22M,1.41%
1/7/2022,79800,79600,79900,78200,966.20K,0.88%
1/10/2022,79500,79700,79900,78500,1.10M,-0.38%
1/11/2022,79400,80000,80000,78500,952.70K,-0.13%
1/12/2022,80000,79400,80000,78000,1.80M,0.76%
1/13/2022,81900,80500,84400,80200,2.53M,2.38%
1/14/2022,83400,81900,83400,81000,1.52M,1.83%
1/17/2022,86200,83000,88000,82300,2.63M,3.36%
1/18/2022,87600,85500,87600,84000,1.70M,1.62%
1/19/2022,86800,87500,87500,85000,914.80K,-0.91%
1/20/2022,87100,85200,87500,83100,2.79M,0.35%
1/21/2022,89200,86900,90000,86100,2.50M,2.41%
1/24/2022,93000,89400,93500,88200,2.73M,4.26%
1/25/2022,95800,92500,96000,89000,2.40M,3.01%
1/26/2022,94500,95800,95800,92600,2.52M,-1.36%
1/27/2022,91000,93000,94500,90400,1.73M,-3.70%
1/28/2022,89000,91000,92000,89000,2.06M,-2.20%
2/7/2022,92400,90600,92900,89500,1.62M,3.82%
2/8/2022,92000,92400,92400,90100,1.15M,-0.43%
2/9/2022,90800,91200,91900,90300,1.58M,-1.30%
2/10/2022,91300,91100,93400,91000,1.83M,0.55%
2/11/2022,90000,91300,91600,90000,1.16M,-1.42%
2/14/2022,86000,88100,88800,86000,3.63M,-4.44%
2/15/2022,87000,86000,88300,83800,2.45M,1.16%
2/16/2022,87000,87500,87900,86400,1.29M,0.00%
2/17/2022,87500,87000,87700,86800,1.43M,0.57%
2/18/2022,87200,86400,87500,86400,1.07M,-0.34%
2/21/2022,87400,86600,87600,86600,1.02M,0.23%
2/22/2022,86800,87000,87000,85000,1.54M,-0.69%
2/23/2022,86900,87000,87000,85800,986.30K,0.12%
2/24/2022,85300,86700,86800,85000,2.08M,-1.84%
2/25/2022,85100,85300,85900,85000,1.62M,-0.23%
2/28/2022,84500,85100,85100,84400,1.32M,-0.71%
3/1/2022,85000,84500,85400,84100,1.30M,0.59%
3/2/2022,85000,85600,85600,84200,1.66M,0.00%
3/3/2022,85500,85000,85500,84700,1.05M,0.59%
3/4/2022,84900,85200,85500,84800,1.06M,-0.70%
3/7/2022,84900,84300,84900,83900,1.00M,0.00%
3/8/2022,81500,83800,84500,81500,2.94M,-4.00%
3/9/2022,83000,81800,83100,81700,1.33M,1.84%
3/10/2022,83500,83000,83700,82900,1.15M,0.60%
3/11/2022,83800,83700,83900,83000,876.10K,0.36%
3/14/2022,84200,83300,84200,83200,1.44M,0.48%
3/15/2022,81100,84000,84100,81000,2.39M,-3.68%
3/16/2022,82500,81300,83200,81300,1.00M,1.73%
3/17/2022,83000,83000,83500,82700,1.22M,0.61%
3/18/2022,84200,83100,85200,82900,1.41M,1.45%
3/21/2022,84900,84200,85500,84000,933.90K,0.83%
3/22/2022,84900,84900,85500,84900,775.10K,0.00%
3/23/2022,84900,84900,85600,84900,966.60K,0.00%
3/24/2022,83500,84900,84900,83500,570.20K,-1.65%
3/25/2022,82500,84000,84000,82000,1.14M,-1.20%
3/28/2022,82400,83000,83000,82000,725.40K,-0.12%
3/29/2022,81900,82400,83000,81600,1.02M,-0.61%
3/30/2022,82000,81800,83500,81500,913.90K,0.12%
3/31/2022,82100,82000,82600,82000,492.40K,0.12%
4/1/2022,82800,82100,83600,81100,900.30K,0.85%
4/4/2022,82600,83200,84100,82600,712.00K,-0.24%
4/5/2022,70279,70110,70449,69941,621.32K,-14.92%
4/6/2022,71634,70195,71973,69179,2.37M,1.93%
4/7/2022,70279,71888,72142,70279,1.10M,-1.89%
4/8/2022,70279,71041,71041,70195,930.86K,0.00%
4/12/2022,69771,70279,70449,69094,993.58K,-0.72%
4/13/2022,69771,70279,70364,69433,1.00M,0.00%
4/14/2022,68586,69771,70195,68586,1.36M,-1.70%
4/15/2022,67909,68755,69009,67909,1.06M,-0.99%
4/18/2022,65792,67739,67909,65707,1.46M,-3.12%
4/19/2022,65792,65876,66469,65707,1.19M,0.00%
4/20/2022,66384,66046,66808,65792,1.07M,0.90%
4/21/2022,66384,66384,67062,66215,2.57M,0.00%
4/22/2022,69602,66977,69941,66977,3.28M,4.85%
4/25/2022,69263,69602,70279,65199,2.93M,-0.49%
4/26/2022,68163,66892,68163,66892,2.26M,-1.59%
4/27/2022,69009,67655,69433,66215,1.69M,1.24%
4/28/2022,69009,69009,69094,67316,666.20K,0.00%
4/29/2022,68501,68925,69687,67739,1.49M,-0.74%
5/4/2022,67655,68501,68586,66892,1.05M,-1.24%
5/5/2022,68586,68163,69009,67401,1.20M,1.38%
5/6/2022,67231,67485,68755,67231,916.34K,-1.98%
5/9/2022,65961,66723,68078,65876,1.98M,-1.89%
5/10/2022,67739,65284,67739,65284,1.09M,2.70%
5/11/2022,67739,67739,67993,66892,1.10M,0.00%
5/12/2022,65199,66892,67655,65199,1.15M,-3.75%
5/13/2022,61812,65199,66046,61812,2.32M,-5.19%
5/16/2022,62828,63929,64691,62659,1.84M,1.64%
5/17/2022,64352,62828,65199,61897,2.67M,2.43%
5/18/2022,63844,65199,65199,63506,1.04M,-0.79%
5/19/2022,64352,63506,64945,63336,680.02K,0.80%
5/20/2022,63760,63590,64776,63506,781.59K,-0.92%
5/23/2022,62997,64014,64014,62320,745.92K,-1.20%
5/24/2022,64014,63421,64098,62913,1.06M,1.61%
5/25/2022,65199,64352,65199,63336,964.88K,1.85%
5/26/2022,64945,65199,65284,64352,1.16M,-0.39%
5/27/2022,65538,64945,65538,64606,1.05M,0.91%
5/30/2022,66046,65538,68586,64691,1.57M,0.78%
5/31/2022,66808,66808,66808,66046,571.25K,1.15%
6/1/2022,68163,66892,68163,66892,943.38K,2.03%
6/2/2022,66892,68417,68417,66892,757.49K,-1.86%
6/3/2022,65622,66384,67316,64691,623.33K,-1.90%
6/6/2022,67485,65622,67739,63590,1.04M,2.84%
6/7/2022,68586,66892,69433,66130,1.10M,1.63%
6/8/2022,67062,68586,68586,66723,1.38M,-2.22%
6/9/2022,65876,66892,67655,65792,1.26M,-1.77%
6/10/2022,65792,65876,66892,65538,461.65K,-0.13%
6/13/2022,64691,65199,65199,62743,1.31M,-1.67%
6/14/2022,65199,63929,66130,62659,1.26M,0.79%
6/15/2022,64776,65538,66300,63760,1.47M,-0.65%
6/16/2022,66977,64945,67739,64776,1.43M,3.40%
6/17/2022,64437,65199,66300,64437,1.24M,-3.79%
6/20/2022,64352,67316,67316,63760,1.29M,-0.13%
6/21/2022,65792,64352,65792,63675,1.11M,2.24%
6/22/2022,64352,65961,66046,63506,1.26M,-2.19%
6/23/2022,64268,63590,64945,63421,697.03K,-0.13%
6/24/2022,63506,64522,64606,63167,766.00K,-1.19%
6/27/2022,63421,63929,64352,63336,1.02M,-0.13%
6/28/2022,64606,63506,65199,63336,1.29M,1.87%
6/29/2022,63929,64183,64268,63760,1.00M,-1.05%
6/30/2022,63336,63929,64352,63336,801.19K,-0.93%
7/1/2022,62659,63082,63506,61727,1.63M,-1.07%
7/4/2022,62743,63421,63675,62574,881.26K,0.14%
7/5/2022,62659,63421,63421,62320,1.26M,-0.13%
7/6/2022,61643,62405,62574,58340,1.83M,-1.62%
7/7/2022,63929,61558,63929,60711,1.49M,3.71%
7/8/2022,62659,63421,63506,62574,898.74K,-1.99%
7/11/2022,60965,62066,62235,60965,780.41K,-2.70%
7/12/2022,60881,61050,61473,60711,958.38K,-0.14%
7/13/2022,60796,60796,62151,60457,1.63M,-0.14%
7/14/2022,61304,60796,61643,60627,389.02K,0.84%
7/15/2022,61219,61050,62235,61050,705.65K,-0.14%
7/18/2022,60965,61389,61727,60965,462.24K,-0.41%
7/19/2022,60373,60965,61050,60203,959.09K,-0.97%
7/20/2022,61389,60627,61389,60627,643.53K,1.68%
7/21/2022,61389,61389,61727,61050,1.38M,0.00%
7/22/2022,61389,61050,61558,60965,1.19M,0.00%
7/25/2022,61727,61304,61981,60965,1.14M,0.55%
7/26/2022,62574,61981,62997,61981,1.32M,1.37%
7/27/2022,63506,62659,63506,62405,1.49M,1.49%
7/28/2022,63760,63844,64014,63336,1.38M,0.40%
7/29/2022,63251,63844,63929,63251,1.39M,-0.80%
8/1/2022,65199,63251,65199,62997,1.86M,3.08%
8/2/2022,66808,65199,67062,64352,2.10M,2.47%
8/3/2022,67316,66300,67316,66046,1.19M,0.76%
8/4/2022,69856,67316,69856,67231,2.67M,3.77%
8/5/2022,69433,69433,69771,68671,1.65M,-0.61%
8/8/2022,69433,69433,69856,69348,1.08M,0.00%
8/9/2022,68417,69433,69433,67655,1.44M,-1.46%
8/10/2022,68163,67824,68586,67824,599.36K,-0.37%
8/11/2022,69009,68840,69433,68247,1.38M,1.24%
8/12/2022,69094,69009,69348,68501,1.48M,0.12%
8/15/2022,69263,69433,69687,69179,1.49M,0.25%
8/16/2022,69009,69433,69433,68671,811.47K,-0.37%
8/17/2022,69009,68755,69179,68755,902.28K,0.00%
8/18/2022,69009,68840,69433,68755,1.85M,0.00%
8/19/2022,68501,68247,69433,68247,1.36M,-0.74%
8/22/2022,67739,67824,69009,67739,620.97K,-1.11%
8/23/2022,67909,67739,68840,67655,765.29K,0.25%
8/24/2022,69433,68755,70195,67993,1.28M,2.24%
8/25/2022,69433,69602,69602,68840,636.32K,0.00%
8/26/2022,69856,69433,70872,69433,1.84M,0.61%
8/29/2022,69856,68925,69856,68501,1.12M,0.00%
8/30/2022,72820,69856,72820,69856,2.96M,4.24%
8/31/2022,71126,72820,73243,71126,1.25M,-2.33%
9/5/2022,69941,71126,71380,69856,1.83M,-1.67%
9/6/2022,70025,69941,71126,69517,1.21M,0.12%
9/7/2022,67739,69433,69856,67570,2.71M,-3.26%
9/8/2022,66046,68501,68501,66046,1.27M,-2.50%
9/9/2022,66723,66469,67146,66215,1.22M,1.03%
9/12/2022,66977,67401,67485,66723,827.65K,0.38%
9/13/2022,66554,67231,67231,66554,1.40M,-0.63%
9/14/2022,66300,65368,67316,65199,1.28M,-0.38%
9/15/2022,67062,66469,67146,66130,722.65K,1.15%
9/16/2022,67739,67146,67739,66469,1.79M,1.01%
9/19/2022,66723,66892,67909,66046,1.11M,-1.50%
9/20/2022,67062,66723,67739,66554,615.54K,0.51%
9/21/2022,66808,67146,67401,65961,589.56K,-0.38%
9/22/2022,66046,65792,66554,65622,1.40M,-1.14%
9/23/2022,64268,65368,65792,64183,1.22M,-2.69%
9/26/2022,63506,63590,65199,62743,1.48M,-1.19%
9/27/2022,62913,64352,64352,62828,771.67K,-0.93%
9/28/2022,63506,62659,63506,62489,694.07K,0.94%
9/29/2022,62659,64352,64352,62659,694.19K,-1.33%
9/30/2022,61981,61981,62913,61304,1.49M,-1.08%
10/3/2022,59780,62235,62489,59526,1.06M,-3.55%
10/4/2022,60373,59272,60881,58848,1.51M,0.99%
10/5/2022,60542,60457,60965,60203,986.14K,0.28%
10/6/2022,59356,60965,60965,59187,887.52K,-1.96%
10/7/2022,56478,58933,58933,55292,2.50M,-4.85%
10/10/2022,55123,56308,57324,54276,1.56M,-2.40%
10/11/2022,52498,55292,55885,52498,1.37M,-4.76%
10/12/2022,54191,53345,55292,52667,1.79M,3.23%
10/13/2022,56308,54276,56308,53091,1.89M,3.91%
10/14/2022,57663,58002,58002,56986,1.89M,2.41%
10/17/2022,56139,56986,57578,55461,1.47M,-2.64%
10/18/2022,57324,57578,57578,56986,1.05M,2.11%
10/19/2022,57494,57494,57578,56986,740.96K,0.30%
10/20/2022,58594,57494,59272,56816,1.79M,1.91%
10/21/2022,57578,58594,59865,57578,1.52M,-1.73%
10/24/2022,57578,58848,58848,55715,791.39K,0.00%
10/25/2022,59187,55885,59780,55885,1.81M,2.79%
10/26/2022,59272,59780,59780,58002,698.44K,0.14%
10/27/2022,60711,59695,61727,58679,1.53M,2.43%
10/28/2022,60627,61389,63082,60627,1.84M,-0.14%
10/31/2022,62235,62235,62235,61389,778.75K,2.65%
11/1/2022,63506,62659,63506,62066,975.62K,2.04%
11/2/2022,62320,62659,63082,60965,1.48M,-1.87%
11/3/2022,61812,60965,62151,60965,858.12K,-0.82%
11/4/2022,60796,60542,61389,58340,1.82M,-1.64%
11/7/2022,60796,60796,61812,60203,1.45M,0.00%
11/8/2022,61473,60965,63506,60627,1.96M,1.11%
11/9/2022,62659,62235,62828,61473,1.43M,1.93%
11/10/2022,61643,62574,62574,60627,1.13M,-1.62%
11/11/2022,63929,61812,63929,61812,1.55M,3.71%
11/14/2022,63590,63929,64776,62743,1.81M,-0.53%
11/15/2022,63506,62997,64691,61050,1.87M,-0.13%
11/16/2022,63590,59526,66046,59526,2.78M,0.13%
11/17/2022,64776,64437,64860,63929,1.94M,1.86%
11/18/2022,64776,64268,65114,62320,1.85M,0.00%
11/21/2022,63506,64776,64776,63506,1.31M,-1.96%
11/22/2022,62235,63082,64352,61389,2.29M,-2.00%
11/23/2022,62235,61812,62235,61304,937.95K,0.00%
11/24/2022,61812,62235,62659,61389,1.28M,-0.68%
11/25/2022,61897,61897,62320,61643,1.98M,0.14%
11/28/2022,64945,63082,65199,62489,1.58M,4.92%
11/29/2022,67570,64352,67570,64352,2.02M,4.04%
11/30/2022,68586,67993,68586,65199,1.56M,1.50%
12/1/2022,67739,68501,68925,67062,1.39M,-1.23%
12/2/2022,71973,67655,71973,67146,1.47M,6.25%
12/5/2022,71973,71211,73666,69856,1.97M,0.00%
12/6/2022,67739,71973,72142,67739,1.54M,-5.88%
12/7/2022,66469,67739,69433,66046,1.72M,-1.87%
12/8/2022,65199,66892,68586,65199,2.49M,-1.91%
12/9/2022,65453,66384,67062,65284,1.99M,0.39%
12/12/2022,65538,66723,68163,65538,2.49M,0.13%
12/13/2022,66215,66130,67146,65961,2.64M,1.03%
12/14/2022,66723,67485,67485,66469,1.28M,0.77%
12/15/2022,67316,66723,68332,66554,1.48M,0.89%
12/16/2022,67485,67316,70195,66808,3.73M,0.25%
12/19/2022,67062,67739,68586,66892,894.61K,-0.63%
12/20/2022,66892,67485,69433,66892,1.68M,-0.25%
12/21/2022,66638,68925,68925,66638,1.14M,-0.38%
12/22/2022,67146,67316,68671,67146,1.27M,0.76%
12/23/2022,66977,67909,68755,66977,1.27M,-0.25%
12/26/2022,66808,67062,68417,66808,1.42M,-0.25%
12/27/2022,66977,67909,68163,66808,1.25M,0.25%
12/28/2022,67739,68078,69433,67316,1.39M,1.14%
12/29/2022,68332,69687,69856,68163,1.46M,0.88%
12/30/2022,67739,70195,70364,67739,1.78M,-0.87%
1/3/2023,69941,67909,69941,67909,1.29M,3.25%
1/4/2023,70110,70195,70195,69263,989.56K,0.24%
1/5/2023,71126,70110,71126,69856,1.27M,1.45%
1/6/2023,71126,71126,71804,71041,1.33M,0.00%
1/9/2023,73582,72650,73582,71804,1.97M,3.45%
1/10/2023,73920,72989,76122,72989,2.49M,0.46%
1/11/2023,72058,73920,73920,72058,1.16M,-2.52%
1/12/2023,71804,72142,72142,70957,2.22M,-0.35%
1/13/2023,72650,72142,73243,72142,970.78K,1.18%
1/16/2023,73920,72820,74936,72820,868.27K,1.75%
1/17/2023,75699,74936,75699,73920,761.27K,2.41%
1/18/2023,76207,76207,77053,75699,984.95K,0.67%
1/19/2023,78747,75783,81287,74090,2.03M,3.33%
1/27/2023,78747,78747,80102,77477,1.83M,0.00%
1/30/2023,76122,77985,78323,76037,1.23M,-3.33%
1/31/2023,77815,76122,77815,74344,1.71M,2.22%
2/1/2023,75445,77900,78323,75445,1.34M,-3.05%
2/2/2023,76715,75021,77900,75021,1.16M,1.68%
2/3/2023,78747,76461,78747,75445,1.06M,2.65%
2/6/2023,81287,78408,81541,77477,1.36M,3.23%
2/7/2023,77900,80694,80864,77900,1.41M,-4.17%
2/8/2023,79763,77985,81456,77985,1.04M,2.39%
2/9/2023,78747,79424,80440,78747,896.85K,-1.27%
2/10/2023,80017,80017,80017,78577,764.93K,1.61%
2/13/2023,79170,80271,80779,77900,1.03M,-1.06%
2/14/2023,78323,79170,79170,77223,1.35M,-1.07%
2/15/2023,78747,78323,79763,77223,1.06M,0.54%
2/16/2023,78239,78747,79594,78069,917.17K,-0.65%
2/17/2023,78747,78747,79001,77900,1.09M,0.65%
2/20/2023,79424,78747,80017,78747,1.29M,0.86%
2/21/2023,79763,79763,80356,79594,797.77K,0.43%
2/22/2023,78747,79763,79848,78323,1.21M,-1.27%
2/23/2023,79001,78747,79594,77223,1.21M,0.32%
2/24/2023,79170,78747,79594,76207,745.68K,0.21%
2/27/2023,78577,78747,79170,77646,591.68K,-0.75%
2/28/2023,79170,78831,79340,78408,668.21K,0.75%
3/1/2023,78747,78154,79086,78069,861.78K,-0.53%
3/2/2023,78916,78747,79424,77731,1.16M,0.22%
3/3/2023,76969,77731,78577,76969,943.15K,-2.47%
3/6/2023,77053,77053,78069,77053,840.75K,0.11%
3/7/2023,77815,77477,78323,77138,1.15M,0.99%
3/8/2023,78069,77053,78069,76799,1.03M,0.33%
3/9/2023,78747,77900,79086,77646,1.30M,0.87%
3/10/2023,77985,78069,78323,77477,835.91K,-0.97%
3/13/2023,77477,77900,77900,76884,896.62K,-0.65%
3/14/2023,77053,77053,77223,76630,1.02M,-0.55%
3/15/2023,77392,77561,77900,77138,954.01K,0.44%
3/16/2023,77053,77053,77900,75783,951.89K,-0.44%
3/17/2023,75360,77053,77138,75360,2.68M,-2.20%
3/20/2023,72058,75360,75783,72058,1.22M,-4.38%
3/21/2023,73243,72312,76122,72312,1.25M,1.65%
3/22/2023,75360,73328,76122,73328,1.25M,2.89%
3/23/2023,76799,75191,76799,73920,1.00M,1.91%
3/24/2023,75360,77053,77053,75275,744.03K,-1.87%
3/27/2023,77053,75360,77053,74513,862.25K,2.25%
3/28/2023,77731,76884,78662,76291,998.89K,0.88%
3/29/2023,78154,78323,78323,76630,499.33K,0.54%
3/30/2023,78493,78154,78916,77900,483.86K,0.43%
3/31/2023,77392,78577,78916,76630,1.12M,-1.40%
4/3/2023,78577,77646,78662,77223,870.04K,1.53%
4/4/2023,77900,78577,78662,77561,318.75K,-0.86%
4/5/2023,77985,78154,78154,77138,396.82K,0.11%
4/6/2023,77223,77477,77985,77223,444.41K,-0.98%
4/7/2023,76207,77053,77138,75783,882.44K,-1.32%
4/10/2023,75360,76207,76207,75360,755.01K,-1.11%
4/11/2023,74682,75360,76207,74682,887.64K,-0.90%
4/12/2023,74767,74767,75021,74513,612.23K,0.11%
4/13/2023,74682,74767,74936,74344,579.87K,-0.11%
4/14/2023,74852,74767,75445,74682,489.88K,0.23%
4/17/2023,74852,74852,74936,74344,577.39K,0.00%
4/18/2023,74513,74767,75021,74090,820.91K,-0.45%
4/19/2023,74936,74598,75106,74513,492.36K,0.57%
4/20/2023,74767,75191,75191,74513,304.46K,-0.23%
4/21/2023,74090,74513,74598,74005,421.03K,-0.91%
4/24/2023,74428,74513,74936,73666,597.35K,0.46%
4/25/2023,74767,74682,74936,74090,644.59K,0.46%
4/26/2023,75699,74513,75783,74428,838.75K,1.25%
4/27/2023,76207,75106,76630,74852,685.45K,0.67%
4/28/2023,76630,76207,76630,75191,832.25K,0.56%
5/4/2023,74936,76207,76207,74936,585.78K,-2.21%
5/5/2023,76037,74936,76122,74682,266.55K,1.47%
5/8/2023,78747,76207,78916,76037,1.77M,3.56%
5/9/2023,78154,78747,79509,78154,665.38K,-0.75%
5/10/2023,77900,77815,78747,77561,492.95K,-0.33%
5/11/2023,77053,77900,77985,77053,597.11K,-1.09%
5/12/2023,78577,77053,78577,76884,839.10K,1.98%
5/15/2023,77646,77900,78747,77223,532.04K,-1.19%
5/16/2023,78408,77900,78831,77307,786.66K,0.98%
5/17/2023,78577,78323,78747,78154,676.36K,0.22%
5/18/2023,80440,78662,81287,78069,1.98M,2.37%
5/19/2023,79763,80017,80356,78408,519.52K,-0.84%
5/22/2023,78831,78747,79509,78069,734.94K,-1.17%
5/23/2023,78577,78747,79255,77985,671.75K,-0.32%
5/24/2023,78408,78577,78577,77815,404.14K,-0.22%
5/25/2023,78916,78408,79594,77392,716.40K,0.65%
5/26/2023,77900,78916,79170,77900,335.05K,-1.29%
5/29/2023,78831,77900,80440,77900,697.38K,1.20%
5/30/2023,80017,78831,80271,78239,666.68K,1.50%
5/31/2023,79594,79509,79678,78831,448.90K,-0.53%
6/1/2023,79509,80102,80102,78916,763.28K,-0.11%
6/2/2023,80356,79509,80440,79001,871.34K,1.06%
6/5/2023,82981,80610,83573,80610,1.53M,3.27%
6/6/2023,83827,82981,83827,81710,896.97K,1.02%
6/7/2023,82134,83827,83827,82134,885.28K,-2.02%
6/8/2023,84674,82134,86113,82134,1.58M,3.09%
6/9/2023,85097,84674,86367,83827,968.66K,0.50%
6/12/2023,85521,84589,85944,83065,513.85K,0.50%
6/13/2023,86791,84674,87214,84420,990.74K,1.49%
6/14/2023,86876,86706,88061,85944,992.63K,0.10%
6/15/2023,87638,86791,87807,86029,1.08M,0.88%
6/16/2023,88908,88230,90093,87384,1.57M,1.45%
6/19/2023,86113,87722,88146,86113,1.35M,-3.14%
6/20/2023,84589,85605,85605,84505,2.10M,-1.77%
6/21/2023,84674,84420,85097,84420,1.40M,0.10%
6/22/2023,85013,86367,86367,84589,846.19K,0.40%
6/23/2023,84589,85013,85013,84251,832.84K,-0.50%
6/26/2023,84674,83912,85436,83912,953.30K,0.10%
6/27/2023,84674,84674,85521,84420,810.05K,0.00%
6/28/2023,85605,84674,86537,84505,969.84K,1.10%
6/29/2023,86283,86198,87214,85605,756.55K,0.79%
6/30/2023,84674,85605,86198,84674,657.35K,-1.86%
7/3/2023,84674,84674,85351,84505,578.81K,0.00%
7/4/2023,84674,85267,86283,84589,806.27K,0.00%
7/5/2023,86367,85521,86791,84928,1.13M,2.00%
7/6/2023,85267,86452,86537,85097,1.21M,-1.27%
7/7/2023,88908,85097,88908,85013,1.26M,4.27%
7/10/2023,86960,88823,88823,86622,1.08M,-2.19%
7/11/2023,87214,86198,88908,86198,1.05M,0.29%
7/12/2023,88061,86960,88484,86960,877.25K,0.97%
7/13/2023,88823,88908,88908,87807,1.10M,0.87%
7/14/2023,88908,88823,88908,88061,942.08K,0.10%
7/17/2023,88738,88908,88908,88230,934.88K,-0.19%
7/18/2023,88315,88823,88908,88315,696.79K,-0.48%
7/19/2023,90178,88569,90686,88569,1.09M,2.11%
7/20/2023,88908,89331,90093,87722,911.26K,-1.41%
7/21/2023,88908,88908,88908,88061,783.48K,0.00%
7/24/2023,88569,88992,89246,88484,954.84K,-0.38%
7/25/2023,91700,90400,92500,90300,2.37M,3.54%
7/26/2023,93400,91900,93400,91900,1.15M,1.85%
7/27/2023,92700,93700,93700,92500,957.20K,-0.75%
7/28/2023,93000,92700,93000,91800,1.12M,0.32%
7/31/2023,91600,93000,93200,91600,1.47M,-1.51%
8/1/2023,91200,91600,92800,91200,1.28M,-0.44%
8/2/2023,91500,91200,91500,91000,1.06M,0.33%
8/3/2023,90600,91500,91500,90500,837.90K,-0.98%
8/4/2023,90100,90700,91100,90100,1.23M,-0.55%
8/7/2023,90800,90100,90800,90000,1.11M,0.78%
8/8/2023,90700,90800,91200,90100,823.40K,-0.11%
8/9/2023,90200,90700,90900,90100,591.60K,-0.55%
8/10/2023,88500,90500,90500,88500,1.34M,-1.88%
8/11/2023,90400,88500,90400,88500,920.80K,2.15%
8/14/2023,89000,90300,90300,89000,1.47M,-1.55%
8/15/2023,88900,90000,90000,88500,1.15M,-0.11%
8/16/2023,89200,88800,89400,88700,727.30K,0.34%
8/17/2023,89400,89200,89800,88600,2.15M,0.22%
8/18/2023,89500,89800,90300,89000,2.43M,0.11%
8/21/2023,89800,89700,90200,89200,1.71M,0.34%
8/22/2023,88400,89500,89700,87800,1.83M,-1.56%
8/23/2023,86300,88900,88900,86100,1.75M,-2.38%
8/24/2023,87000,86300,88200,86000,902.80K,0.81%
8/25/2023,86200,86200,87000,86000,1.40M,-0.92%
8/28/2023,87000,86400,87500,86200,1.38M,0.93%
8/29/2023,88400,87000,88500,86900,1.39M,1.61%
8/30/2023,89100,88500,89500,88500,1.35M,0.79%
8/31/2023,89100,89100,89600,88300,1.53M,0.00%
9/5/2023,90100,89100,90700,89100,1.94M,1.12%
9/6/2023,90200,90200,90200,89700,2.02M,0.11%
9/7/2023,89500,90000,90800,89500,1.77M,-0.78%
9/8/2023,89500,89500,89500,89100,1.34M,0.00%
9/11/2023,88500,89600,90000,88000,1.65M,-1.12%
9/12/2023,89900,89000,90000,88900,1.57M,1.58%
9/13/2023,89100,90000,90000,88900,1.58M,-0.89%
9/14/2023,89100,89000,89500,88100,1.51M,0.00%
9/15/2023,89800,88900,89800,88600,2.14M,0.79%
9/18/2023,88800,89500,89700,88300,718.10K,-1.11%
9/19/2023,88100,88800,89200,86000,1.12M,-0.79%
9/20/2023,88000,88100,88400,86400,786.00K,-0.11%
9/21/2023,87000,88000,88000,86800,1.07M,-1.14%
9/22/2023,89300,86400,89500,86000,2.41M,2.64%
9/25/2023,89300,89000,89500,88300,2.21M,0.00%
9/26/2023,87000,89200,89400,86900,1.66M,-2.58%
9/27/2023,87800,87600,89000,87000,1.20M,0.92%
9/28/2023,88000,87200,88300,86600,1.07M,0.23%
9/29/2023,87500,88300,88300,87100,449.30K,-0.57%
10/2/2023,86500,87100,87200,86500,765.70K,-1.14%
10/3/2023,86300,86500,86700,85800,882.60K,-0.23%
10/4/2023,86300,86300,86300,85300,923.80K,0.00%
10/5/2023,84500,86000,86000,84500,890.00K,-2.09%
10/6/2023,85400,84500,85400,83500,800.90K,1.07%
10/9/2023,84600,85400,85400,84000,1.10M,-0.94%
10/10/2023,86100,84600,86200,84600,734.10K,1.77%
10/11/2023,86500,86200,86500,85700,719.40K,0.46%
10/12/2023,86000,86900,86900,85500,714.10K,-0.58%
10/13/2023,86600,86000,86600,85500,663.10K,0.70%
10/16/2023,86100,85600,86600,85600,332.30K,-0.58%
10/17/2023,85900,86100,86500,85500,363.40K,-0.23%
10/18/2023,85900,85500,86000,85000,1.15M,0.00%
10/19/2023,84500,85500,86000,84100,1.36M,-1.63%
10/20/2023,84800,83500,85300,82700,938.40K,0.36%
10/23/2023,84500,84500,84500,82500,966.60K,-0.35%
10/24/2023,86000,84500,86500,83900,994.00K,1.78%
10/25/2023,85800,85100,85800,84600,660.10K,-0.23%
10/26/2023,84500,85000,86000,83500,1.42M,-1.52%
10/27/2023,85000,84600,85000,83800,773.40K,0.59%
10/30/2023,85900,83500,86000,83500,592.90K,1.06%
10/31/2023,86800,85900,86900,84900,1.35M,1.05%
11/1/2023,87800,86800,87800,86100,1.48M,1.15%
11/2/2023,89000,88000,89000,86600,1.06M,1.37%
11/3/2023,88900,89000,89400,88100,1.09M,-0.11%
11/6/2023,89500,88900,89800,88500,774.80K,0.67%
11/7/2023,88300,89000,89300,88300,413.90K,-1.34%
11/8/2023,89500,88000,89700,87900,1.27M,1.36%
11/9/2023,87900,89500,89500,87900,1.17M,-1.79%
11/10/2023,86000,87100,87500,86000,1.35M,-2.16%
11/13/2023,85500,86000,86100,85400,937.70K,-0.58%
11/14/2023,86000,86000,86500,85400,987.50K,0.58%
11/15/2023,87700,86500,87700,86500,4.07M,1.98%
11/16/2023,88000,87000,88000,86700,1.28M,0.34%
11/17/2023,85600,87800,87900,85500,1.59M,-2.73%
11/20/2023,86100,85600,87000,85000,1.10M,0.58%
11/21/2023,86600,86100,86700,85800,1.15M,0.58%
11/22/2023,86700,86300,86700,85500,1.01M,0.12%
11/23/2023,85500,86700,86800,85500,647.20K,-1.38%
11/24/2023,86000,85500,86000,85000,734.50K,0.58%
11/27/2023,85800,86000,86000,85100,443.00K,-0.23%
11/28/2023,85800,85500,85900,84800,779.40K,0.00%
11/29/2023,85100,85400,85900,85100,733.10K,-0.82%
11/30/2023,84700,85100,85400,84700,927.60K,-0.47%
12/1/2023,85000,84900,85000,84100,714.70K,0.35%
12/4/2023,86000,85400,86200,84800,888.10K,1.18%
12/5/2023,85400,86000,86100,84800,992.80K,-0.70%
12/6/2023,85900,85300,86000,85000,638.00K,0.59%
12/7/2023,85200,85700,86000,85000,992.30K,-0.81%
12/8/2023,85000,85200,85500,85000,1.18M,-0.23%
12/11/2023,84200,85000,85300,84100,1.40M,-0.94%
12/12/2023,84200,84700,84700,84000,1.01M,0.00%
12/13/2023,83700,84200,84500,83700,1.15M,-0.59%
12/14/2023,84400,84000,84500,84000,840.60K,0.84%
12/15/2023,82200,84000,84400,82200,2.53M,-2.61%
12/18/2023,81500,82800,82900,81500,1.80M,-0.85%
12/19/2023,81200,81500,81500,80100,1.96M,-0.37%
12/20/2023,81100,81200,81300,80500,1.87M,-0.12%
12/21/2023,80900,81000,81000,80300,2.03M,-0.25%
12/22/2023,80900,80900,81100,80400,1.58M,0.00%
12/25/2023,81800,80900,81800,80700,1.30M,1.11%
12/26/2023,82800,82000,82800,82000,971.20K,1.22%
12/27/2023,82700,82900,83200,82500,899.60K,-0.12%
12/28/2023,82800,82700,83100,82400,703.20K,0.12%
12/29/2023,80300,83500,83900,80300,1.62M,-3.02%
1/2/2024,83500,82900,83600,82200,1.79M,3.99%
1/3/2024,84500,83500,84500,82800,1.37M,1.20%
1/4/2024,85900,84500,86200,84000,2.66M,1.66%
1/5/2024,86200,85900,86200,85700,1.18M,0.35%
1/8/2024,86800,86300,86800,86300,1.61M,0.70%
1/9/2024,87800,86800,87900,86800,1.93M,1.15%
1/10/2024,89500,87800,89500,87200,1.80M,1.94%
1/11/2024,89300,89500,90000,88600,1.49M,-0.22%
1/12/2024,88700,88100,89500,87400,1.91M,-0.67%
1/15/2024,90000,89000,90100,88900,1.91M,1.47%
1/16/2024,90000,89000,90100,88900,1.37M,0.00%
1/17/2024,90900,89000,91000,89000,1.58M,1.00%
1/18/2024,91100,90900,91200,90000,1.42M,0.22%
1/19/2024,92600,91000,93000,90400,1.47M,1.65%
1/22/2024,92000,93500,93500,92000,1.05M,-0.65%
1/23/2024,91500,92100,92400,90400,1.26M,-0.54%
1/24/2024,91100,91600,92000,90900,744.70K,-0.44%
1/25/2024,91000,91100,91600,90700,503.30K,-0.11%
1/26/2024,92000,91600,92000,91400,953.10K,1.10%
1/29/2024,91200,91800,92000,90900,730.50K,-0.87%
1/30/2024,91000,91200,91200,90100,888.60K,-0.22%
1/31/2024,88500,90600,90600,88500,945.60K,-2.75%
2/1/2024,89800,88000,90200,88000,598.10K,1.47%
2/2/2024,90300,89100,90500,89100,733.00K,0.56%
2/5/2024,90000,90200,90600,89400,1.95M,-0.33%
2/6/2024,89500,90300,90600,89100,1.35M,-0.56%
2/7/2024,90000,90000,90800,89300,1.37M,0.56%
2/15/2024,89900,90000,90700,89100,1.05M,-0.11%
2/16/2024,89600,89900,90200,89500,734.10K,-0.33%
2/19/2024,90200,89900,90500,89300,1.05M,0.67%
2/20/2024,91300,90100,91400,89400,1.40M,1.22%
2/21/2024,91200,91700,91700,90500,1.37M,-0.11%
2/22/2024,89500,90600,91000,89500,1.22M,-1.86%
2/23/2024,88900,89500,91400,88900,1.80M,-0.67%
2/26/2024,89500,88900,90000,88900,722.00K,0.67%
2/27/2024,91100,89600,91200,89100,1.60M,1.79%
2/28/2024,97400,91000,97400,90400,4.22M,6.92%
2/29/2024,97300,98500,100500,97300,1.90M,-0.10%
3/1/2024,97300,98200,98200,94900,2.38M,0.00%
3/4/2024,96000,98000,98000,95600,1.64M,-1.34%
3/5/2024,95500,96600,96600,95200,1.36M,-0.52%
3/6/2024,95600,95500,96800,95100,2.07M,0.10%
3/7/2024,95800,95900,97400,95500,2.36M,0.21%
3/8/2024,95100,95900,96500,95100,2.23M,-0.73%
3/11/2024,94100,95100,96000,94100,1.84M,-1.05%
3/12/2024,94400,94100,94900,94000,1.11M,0.32%
3/13/2024,96000,94900,96500,94300,3.12M,1.69%
3/14/2024,95000,96000,96100,94600,2.32M,-1.04%
3/15/2024,94000,95000,95000,93900,2.30M,-1.05%
3/18/2024,93000,94300,94500,92500,1.84M,-1.06%
3/19/2024,92500,92500,93500,92500,868.50K,-0.54%
3/20/2024,93200,92500,94100,92500,897.70K,0.76%
3/21/2024,95200,94000,95500,94000,1.45M,2.15%
3/22/2024,96400,95200,96800,95200,1.84M,1.26%
3/25/2024,95700,95000,96900,94100,1.37M,-0.73%
3/26/2024,96300,96000,96600,95800,735.40K,0.63%
3/27/2024,95800,96200,96200,95600,1.05M,-0.52%
3/28/2024,95700,96200,96400,95600,1.23M,-0.10%
3/29/2024,94900,95900,95900,94900,801.20K,-0.84%
4/1/2024,95200,94900,96000,94700,1.22M,0.32%
4/2/2024,94500,95100,95200,93900,969.00K,-0.74%
4/3/2024,93800,94400,94800,93800,1.32M,-0.74%
4/4/2024,96000,94900,96000,94400,2.02M,2.35%
4/5/2024,94900,94800,95600,94200,779.20K,-1.15%
4/8/2024,94900,94900,95300,94200,864.10K,0.00%
4/9/2024,94300,95000,95400,94200,686.80K,-0.63%
4/10/2024,94500,94300,94600,94100,737.40K,0.21%
4/11/2024,94000,94000,94600,93500,778.00K,-0.53%
4/12/2024,94600,94500,95500,93800,844.80K,0.64%
4/15/2024,92000,94600,96500,92000,1.90M,-2.75%
4/16/2024,91000,93800,93800,90500,1.86M,-1.09%
4/17/2024,90500,91200,92100,89500,1.45M,-0.55%
4/19/2024,90500,90000,90900,89700,1.32M,0.00%
4/22/2024,90600,90500,91400,90200,999.10K,0.11%
4/23/2024,90100,90600,91200,89200,1.56M,-0.55%
4/24/2024,90600,91000,91100,90100,1.93M,0.55%
4/25/2024,91000,90600,92900,90500,1.24M,0.44%
4/26/2024,91200,91700,93300,91200,1.70M,0.22%
5/2/2024,91900,92100,92500,91100,932.40K,0.77%
5/3/2024,92500,92400,93400,91800,1.47M,0.65%
5/6/2024,93000,92900,93300,92700,1.15M,0.54%
5/7/2024,92900,93400,94100,92900,1.15M,-0.11%
5/8/2024,93000,92700,93200,92100,1.25M,0.11%
5/9/2024,92500,92900,93400,92300,606.60K,-0.54%
5/10/2024,92000,92700,92700,91700,823.40K,-0.54%
